{"meta": "decision-tree-regression", "feature_importances_": [0.07901668129938524, 0.0, 0.8150006271165184, 0.10598269158409623], "max_features_": 4, "n_features_": 4, "n_outputs_": 1, "tree_": {"max_depth": 2, "node_count": 7, "nodes": [[1, 4, 2, 12.5, 18.21, 10, 10.0], [2, 3, 3, 7.5, 4.1224489795918355, 7, 7.0], [-1, -1, -2, -2.0, 0.666666666666667, 3, 3.0], [-1, -1, -2, -2.0, 2.1875, 4, 4.0], [5, 6, 0, 4.5, 4.666666666666657, 3, 3.0], [-1, -1, -2, -2.0, 0.25, 2, 2.0], [-1, -1, -2, -2.0, 0.0, 1, 1.0]], "values": [[[6.3]], [[3.857142857142857]], [[2.0]], [[5.25]], [[12.0]], [[10.5]], [[15.0]]], "nodes_dtype": ["<i8", "<i8", "<i8", "<f8", "<f8", "<i8", "<f8"]}}